SET GLOBAL max_connections = 100000;

-- Clear DB
DELETE FROM Location;
DELETE FROM OpeningTime;
DELETE FROM StorageLocation;
DELETE FROM DistributionCentre;
DELETE FROM VaccinationCentre;
DELETE FROM Transporter;
DELETE FROM TransporterLocation;
DELETE FROM Store;
DELETE FROM Vaccine;
DELETE FROM VaccineInStorage;
DELETE FROM Van;
DELETE FROM Manufacturer;
DELETE FROM Factory;
DELETE FROM VaccineLifespan;
DELETE FROM MedicalCondition;
DELETE FROM Person;
DELETE FROM Booking;
DELETE FROM PersonMedicalCondition;
DELETE FROM VaccineExemption;
DELETE FROM VaccineReceived;
DELETE FROM Simulation;

-- Simulaton values
INSERT INTO Simulation(simulationID, actualBookingRate, actualAttendanceRate, predictedVaccinationRate) VALUES (1, 0.6, 0.9, 0.8);

-- Create vaccines
INSERT INTO Vaccine(vaccineID, `name`, dosesNeeded, daysBetweenDoses, minimumAge, maximumAge) VALUES (1, 'Moderna', 1, 1, 18, 100);
INSERT INTO VaccineLifespan(vaccineLifespanID, vaccineID, lifespan, lowestTemperature, highestTemperature) VALUES (1, 1, 50, -10, 0);
INSERT INTO VaccineLifespan(vaccineLifespanID, vaccineID, lifespan, lowestTemperature, highestTemperature) VALUES (2, 1, 25, 0, 5);

-- Create factories
INSERT INTO Location(locationID, longitude, latitude) VALUES (1, 53.386178, -1.497288);
INSERT INTO OpeningTime(openingTimeID, locationID, `day`, startTime, endTime) VALUES (1, 1, 'monday', '8:00', '16:00'); 
INSERT INTO OpeningTime(openingTimeID, locationID, `day`, startTime, endTime) VALUES (2, 1, 'tuesday', '8:00', '16:00'); 
INSERT INTO OpeningTime(openingTimeID, locationID, `day`, startTime, endTime) VALUES (3, 1, 'wednesday', '8:00', '16:00'); 
INSERT INTO OpeningTime(openingTimeID, locationID, `day`, startTime, endTime) VALUES (4, 1, 'thursday', '8:00', '16:00'); 
INSERT INTO OpeningTime(openingTimeID, locationID, `day`, startTime, endTime) VALUES (5, 1, 'friday', '8:00', '13:00'); 
INSERT INTO OpeningTime(openingTimeID, locationID, `day`, startTime, endTime) VALUES (6, 1, 'saturday', '8:00', '8:00'); 
INSERT INTO OpeningTime(openingTimeID, locationID, `day`, startTime, endTime) VALUES (7, 1, 'sunday', '8:00', '8:00'); 
INSERT INTO StorageLocation(storageLocationID, locationID) VALUES (1, 1);
INSERT INTO Store(storeID, storageLocationID, temperature, capacity) VALUES (1, 1, -5, 1000);
INSERT INTO Manufacturer(manufacturerID, `name`, vaccineID) VALUES (1, 'All Star Productions', 1);
INSERT INTO Factory(factoryID, storageLocationID, manufacturerID, vaccinesPerMin) VALUES (1, 1, 1, 5);

-- Create VCs
INSERT INTO Location(locationID, longitude, latitude) VALUES (2, 53.376467, -1.467414);
INSERT INTO OpeningTime(openingTimeID, locationID, `day`, startTime, endTime) VALUES (15, 2, 'monday', '9:00', '13:00'); 
INSERT INTO OpeningTime(openingTimeID, locationID, `day`, startTime, endTime) VALUES (16, 2, 'tuesday', '9:00', '13:00'); 
INSERT INTO OpeningTime(openingTimeID, locationID, `day`, startTime, endTime) VALUES (17, 2, 'wednesday', '9:00', '13:00'); 
INSERT INTO OpeningTime(openingTimeID, locationID, `day`, startTime, endTime) VALUES (18, 2, 'thursday', '9:00', '13:00'); 
INSERT INTO OpeningTime(openingTimeID, locationID, `day`, startTime, endTime) VALUES (19, 2, 'friday', '9:00', '13:00'); 
INSERT INTO OpeningTime(openingTimeID, locationID, `day`, startTime, endTime) VALUES (20, 2, 'saturday', '0:00', '0:00'); 
INSERT INTO OpeningTime(openingTimeID, locationID, `day`, startTime, endTime) VALUES (21, 2, 'sunday', '0:00', '0:00'); 
INSERT INTO StorageLocation(storageLocationID, locationID) VALUES (2, 2);
INSERT INTO Store(storeID, storageLocationID, temperature, capacity) VALUES (2, 2, -5, 500);
INSERT INTO VaccineInStorage(vaccineInStorageID, vaccineID, storeID, stockLevel, creationDate, expirationDate) VALUES (1, 1, 2, 40, '2022-04-10', '2022-08-10');
INSERT INTO VaccinationCentre(vaccinationCentreID, storageLocationID, `name`, vaccinesPerHour) VALUES (1, 2, "Chemist Co", 8);

INSERT INTO Location(locationID, longitude, latitude) VALUES (3, 53.377918, -1.478161);
INSERT INTO OpeningTime(openingTimeID, locationID, `day`, startTime, endTime) VALUES (22, 3, 'monday', '8:00', '15:00'); 
INSERT INTO OpeningTime(openingTimeID, locationID, `day`, startTime, endTime) VALUES (23, 3, 'tuesday', '8:00', '15:00'); 
INSERT INTO OpeningTime(openingTimeID, locationID, `day`, startTime, endTime) VALUES (24, 3, 'wednesday', '8:00', '15:00'); 
INSERT INTO OpeningTime(openingTimeID, locationID, `day`, startTime, endTime) VALUES (25, 3, 'thursday', '8:00', '15:00'); 
INSERT INTO OpeningTime(openingTimeID, locationID, `day`, startTime, endTime) VALUES (26, 3, 'friday', '8:00', '15:00'); 
INSERT INTO OpeningTime(openingTimeID, locationID, `day`, startTime, endTime) VALUES (27, 3, 'saturday', '8:00', '12:00'); 
INSERT INTO OpeningTime(openingTimeID, locationID, `day`, startTime, endTime) VALUES (28, 3, 'sunday', '0:00', '0:00');
INSERT INTO StorageLocation(storageLocationID, locationID) VALUES (3, 3);
INSERT INTO Store(storeID, storageLocationID, temperature, capacity) VALUES (3, 3, -1, 1000);
INSERT INTO VaccineInStorage(vaccineInStorageID, vaccineID, storeID, stockLevel, creationDate, expirationDate) VALUES (2, 1, 3, 40, '2022-04-10', '2022-08-10');
INSERT INTO VaccinationCentre(vaccinationCentreID, storageLocationID, `name`, vaccinesPerHour) VALUES (2, 3, "Best Care Pharmacy", 15);

INSERT INTO Location(locationID, longitude, latitude) VALUES (4, 53.376467, -1.467414);
INSERT INTO OpeningTime(openingTimeID, locationID, `day`, startTime, endTime) VALUES (29, 4, 'monday', '9:00', '17:00'); 
INSERT INTO OpeningTime(openingTimeID, locationID, `day`, startTime, endTime) VALUES (30, 4, 'tuesday', '9:00', '17:00'); 
INSERT INTO OpeningTime(openingTimeID, locationID, `day`, startTime, endTime) VALUES (31, 4, 'wednesday', '9:00', '17:00'); 
INSERT INTO OpeningTime(openingTimeID, locationID, `day`, startTime, endTime) VALUES (32, 4, 'thursday', '9:00', '17:00'); 
INSERT INTO OpeningTime(openingTimeID, locationID, `day`, startTime, endTime) VALUES (33, 4, 'friday', '9:00', '17:00'); 
INSERT INTO OpeningTime(openingTimeID, locationID, `day`, startTime, endTime) VALUES (34, 4, 'saturday', '0:00', '0:00'); 
INSERT INTO OpeningTime(openingTimeID, locationID, `day`, startTime, endTime) VALUES (35, 4, 'sunday', '0:00', '0:00'); 
INSERT INTO StorageLocation(storageLocationID, locationID) VALUES (4, 4);
INSERT INTO Store(storeID, storageLocationID, temperature, capacity) VALUES (4, 4, 2, 1500);
INSERT INTO Store(storeID, storageLocationID, temperature, capacity) VALUES (12, 4, 6, 500);
INSERT INTO VaccineInStorage(vaccineInStorageID, vaccineID, storeID, stockLevel, creationDate, expirationDate) VALUES (3, 1, 4, 40, '2022-04-10', '2022-08-10');
INSERT INTO VaccinationCentre(vaccinationCentreID, storageLocationID, `name`, vaccinesPerHour) VALUES (3, 4, "Community Centre", 8);

-- Create DCs
INSERT INTO Location(locationID, longitude, latitude) VALUES (5, 53.360244, -1.558230);
INSERT INTO OpeningTime(openingTimeID, locationID, `day`, startTime, endTime) VALUES (36, 5, 'monday', '9:00', '17:00'); 
INSERT INTO OpeningTime(openingTimeID, locationID, `day`, startTime, endTime) VALUES (37, 5, 'tuesday', '9:00', '17:00'); 
INSERT INTO OpeningTime(openingTimeID, locationID, `day`, startTime, endTime) VALUES (38, 5, 'wednesday', '9:00', '17:00'); 
INSERT INTO OpeningTime(openingTimeID, locationID, `day`, startTime, endTime) VALUES (39, 5, 'thursday', '9:00', '17:00'); 
INSERT INTO OpeningTime(openingTimeID, locationID, `day`, startTime, endTime) VALUES (40, 5, 'friday', '9:00', '17:00'); 
INSERT INTO OpeningTime(openingTimeID, locationID, `day`, startTime, endTime) VALUES (41, 5, 'saturday', '0:00', '0:00'); 
INSERT INTO OpeningTime(openingTimeID, locationID, `day`, startTime, endTime) VALUES (42, 5, 'sunday', '0:00', '0:00'); 
INSERT INTO StorageLocation(storageLocationID, locationID) VALUES (5, 5);
INSERT INTO Store(storeID, storageLocationID, temperature, capacity) VALUES (5, 5, -9, 2000);
INSERT INTO VaccineInStorage(vaccineInStorageID, vaccineID, storeID, stockLevel, creationDate, expirationDate) VALUES (4, 1, 5, 40, '2022-04-10', '2022-08-10');
INSERT INTO DistributionCentre(distributionCentreID, storageLocationID) VALUES (1, 5); -- 5 changed from 3

INSERT INTO Location(locationID, longitude, latitude) VALUES (6, 53.378890, -1.463068);
INSERT INTO OpeningTime(openingTimeID, locationID, `day`, startTime, endTime) VALUES (43, 6, 'monday', '8:00', '16:00'); 
INSERT INTO OpeningTime(openingTimeID, locationID, `day`, startTime, endTime) VALUES (44, 6, 'tuesday', '8:00', '16:00'); 
INSERT INTO OpeningTime(openingTimeID, locationID, `day`, startTime, endTime) VALUES (45, 6, 'wednesday', '8:00', '16:00'); 
INSERT INTO OpeningTime(openingTimeID, locationID, `day`, startTime, endTime) VALUES (46, 6, 'thursday', '8:00', '16:00'); 
INSERT INTO OpeningTime(openingTimeID, locationID, `day`, startTime, endTime) VALUES (47, 6, 'friday', '8:00', '16:00'); 
INSERT INTO OpeningTime(openingTimeID, locationID, `day`, startTime, endTime) VALUES (48, 6, 'saturday', '8:00', '10:00'); 
INSERT INTO OpeningTime(openingTimeID, locationID, `day`, startTime, endTime) VALUES (49, 6, 'sunday', '0:00', '0:00'); 
INSERT INTO StorageLocation(storageLocationID, locationID) VALUES (6, 6);
INSERT INTO Store(storeID, storageLocationID, temperature, capacity) VALUES (6, 6, 1, 1000);
INSERT INTO Store(storeID, storageLocationID, temperature, capacity) VALUES (11, 6, -9, 1000);
INSERT INTO VaccineInStorage(vaccineInStorageID, vaccineID, storeID, stockLevel, creationDate, expirationDate) VALUES (5, 1, 6, 40, '2022-04-10', '2022-08-10');
INSERT INTO DistributionCentre(distributionCentreID, storageLocationID) VALUES (2, 6); -- 6 changed from 3

-- Create TLs & vans
INSERT INTO Location(locationID, longitude, latitude) VALUES (7, 53.388527, -1.471595);
INSERT INTO OpeningTime(openingTimeID, locationID, `day`, startTime, endTime) VALUES (8, 7, 'monday', '9:00', '17:00'); 
INSERT INTO OpeningTime(openingTimeID, locationID, `day`, startTime, endTime) VALUES (9, 7, 'tuesday', '9:00', '17:00'); 
INSERT INTO OpeningTime(openingTimeID, locationID, `day`, startTime, endTime) VALUES (10, 7, 'wednesday', '9:00', '17:00'); 
INSERT INTO OpeningTime(openingTimeID, locationID, `day`, startTime, endTime) VALUES (11, 7, 'thursday', '9:00', '17:00'); 
INSERT INTO OpeningTime(openingTimeID, locationID, `day`, startTime, endTime) VALUES (12, 7, 'friday', '9:00', '17:00'); 
INSERT INTO OpeningTime(openingTimeID, locationID, `day`, startTime, endTime) VALUES (13, 7, 'saturday', '0:00', '0:00'); 
INSERT INTO OpeningTime(openingTimeID, locationID, `day`, startTime, endTime) VALUES (14, 7, 'sunday', '0:00', '0:00');
INSERT INTO Transporter(transporterID, `name`) VALUES (1, 'Speedy Deliveries');
INSERT INTO TransporterLocation(transporterLocationID, locationID, transporterID) VALUES (1, 4, 1);

INSERT INTO Location(locationID, longitude, latitude) VALUES (8, 53.388527, -1.471595);
INSERT INTO StorageLocation(storageLocationID, locationID) VALUES (7, 8);
INSERT INTO Store(storeID, storageLocationID, temperature, capacity) VALUES (7, 7, -5, 100);
INSERT INTO Van(vanID, deliveryStage, totalTime, remainingTime, originID, destinationID, storageLocationID, transporterLocationID) VALUES (1, 'waiting', 0, 0, 1, 1, 7, 1);

INSERT INTO Location(locationID, longitude, latitude) VALUES (9, 53.388527, -1.471595);
INSERT INTO StorageLocation(storageLocationID, locationID) VALUES (8, 9);
INSERT INTO Store(storeID, storageLocationID, temperature, capacity) VALUES (8, 8, -5, 100);
INSERT INTO Van(vanID, deliveryStage, totalTime, remainingTime, originID, destinationID, storageLocationID, transporterLocationID) VALUES (2, 'waiting', 0, 0, 1, 1, 8, 1);

INSERT INTO Location(locationID, longitude, latitude) VALUES (10, 53.393686, -1.501483);
INSERT INTO OpeningTime(openingTimeID, locationID, `day`, startTime, endTime) VALUES (50, 10, 'monday', '9:00', '17:00'); 
INSERT INTO OpeningTime(openingTimeID, locationID, `day`, startTime, endTime) VALUES (51, 10, 'tuesday', '9:00', '17:00'); 
INSERT INTO OpeningTime(openingTimeID, locationID, `day`, startTime, endTime) VALUES (52, 10, 'wednesday', '9:00', '17:00'); 
INSERT INTO OpeningTime(openingTimeID, locationID, `day`, startTime, endTime) VALUES (53, 10, 'thursday', '9:00', '17:00'); 
INSERT INTO OpeningTime(openingTimeID, locationID, `day`, startTime, endTime) VALUES (54, 10, 'friday', '9:00', '17:00'); 
INSERT INTO OpeningTime(openingTimeID, locationID, `day`, startTime, endTime) VALUES (55, 10, 'saturday', '0:00', '0:00'); 
INSERT INTO OpeningTime(openingTimeID, locationID, `day`, startTime, endTime) VALUES (56, 10, 'sunday', '0:00', '0:00');
INSERT INTO TransporterLocation(transporterLocationID, locationID, transporterID) VALUES (2, 10, 1);

INSERT INTO Location(locationID, longitude, latitude) VALUES (11, 53.393686, -1.501483);
INSERT INTO StorageLocation(storageLocationID, locationID) VALUES (9, 11);
INSERT INTO Store(storeID, storageLocationID, temperature, capacity) VALUES (9, 9, 1, 200);
INSERT INTO Van(vanID, deliveryStage, totalTime, remainingTime, originID, destinationID, storageLocationID, transporterLocationID) VALUES (3, 'waiting', 0, 0, 1, 1, 9, 2);

INSERT INTO Location(locationID, longitude, latitude) VALUES (12, 53.393686, -1.501483);
INSERT INTO StorageLocation(storageLocationID, locationID) VALUES (10, 12);
INSERT INTO Store(storeID, storageLocationID, temperature, capacity) VALUES (10, 10, 1, 200);
INSERT INTO Van(vanID, deliveryStage, totalTime, remainingTime, originID, destinationID, storageLocationID, transporterLocationID) VALUES (4, 'waiting', 0, 0, 1, 1, 10, 2); 

--  Create people
INSERT INTO Person (personID, forename, surname, DoB) VALUES (1, 'a', 'b', '1987-01-01');
INSERT INTO Person (personID, forename, surname, DoB) VALUES (2, 'a', 'b', '1934-01-01');
INSERT INTO Person (personID, forename, surname, DoB) VALUES (3, 'a', 'b', '1987-01-01');
INSERT INTO Person (personID, forename, surname, DoB) VALUES (4, 'a', 'b', '2012-01-01');
INSERT INTO Person (personID, forename, surname, DoB) VALUES (5, 'a', 'b', '1947-01-01');
INSERT INTO Person (personID, forename, surname, DoB) VALUES (6, 'a', 'b', '2015-01-01');
INSERT INTO Person (personID, forename, surname, DoB) VALUES (7, 'a', 'b', '1986-01-01');
INSERT INTO Person (personID, forename, surname, DoB) VALUES (8, 'a', 'b', '2000-01-01');
INSERT INTO Person (personID, forename, surname, DoB) VALUES (9, 'a', 'b', '1933-01-01');
INSERT INTO Person (personID, forename, surname, DoB) VALUES (10, 'a', 'b', '1987-01-01');
INSERT INTO Person (personID, forename, surname, DoB) VALUES (11, 'a', 'b', '1951-01-01');
INSERT INTO Person (personID, forename, surname, DoB) VALUES (12, 'a', 'b', '1980-01-01');
INSERT INTO Person (personID, forename, surname, DoB) VALUES (13, 'a', 'b', '1947-01-01');
INSERT INTO Person (personID, forename, surname, DoB) VALUES (14, 'a', 'b', '1965-01-01');
INSERT INTO Person (personID, forename, surname, DoB) VALUES (15, 'a', 'b', '2021-01-01');
INSERT INTO Person (personID, forename, surname, DoB) VALUES (16, 'a', 'b', '2007-01-01');
INSERT INTO Person (personID, forename, surname, DoB) VALUES (17, 'a', 'b', '1964-01-01');
INSERT INTO Person (personID, forename, surname, DoB) VALUES (18, 'a', 'b', '2006-01-01');
INSERT INTO Person (personID, forename, surname, DoB) VALUES (19, 'a', 'b', '1974-01-01');
INSERT INTO Person (personID, forename, surname, DoB) VALUES (20, 'a', 'b', '1989-01-01');
INSERT INTO Person (personID, forename, surname, DoB) VALUES (21, 'a', 'b', '1981-01-01');
INSERT INTO Person (personID, forename, surname, DoB) VALUES (22, 'a', 'b', '1974-01-01');
INSERT INTO Person (personID, forename, surname, DoB) VALUES (23, 'a', 'b', '2006-01-01');
INSERT INTO Person (personID, forename, surname, DoB) VALUES (24, 'a', 'b', '1982-01-01');
INSERT INTO Person (personID, forename, surname, DoB) VALUES (25, 'a', 'b', '1990-01-01');
INSERT INTO Person (personID, forename, surname, DoB) VALUES (26, 'a', 'b', '2006-01-01');
INSERT INTO Person (personID, forename, surname, DoB) VALUES (27, 'a', 'b', '1991-01-01');
INSERT INTO Person (personID, forename, surname, DoB) VALUES (28, 'a', 'b', '2017-01-01');
INSERT INTO Person (personID, forename, surname, DoB) VALUES (29, 'a', 'b', '1941-01-01');
INSERT INTO Person (personID, forename, surname, DoB) VALUES (30, 'a', 'b', '1939-01-01');
INSERT INTO Person (personID, forename, surname, DoB) VALUES (31, 'a', 'b', '1974-01-01');
INSERT INTO Person (personID, forename, surname, DoB) VALUES (32, 'a', 'b', '1956-01-01');
INSERT INTO Person (personID, forename, surname, DoB) VALUES (33, 'a', 'b', '1952-01-01');
INSERT INTO Person (personID, forename, surname, DoB) VALUES (34, 'a', 'b', '1957-01-01');
INSERT INTO Person (personID, forename, surname, DoB) VALUES (35, 'a', 'b', '2019-01-01');
INSERT INTO Person (personID, forename, surname, DoB) VALUES (36, 'a', 'b', '1948-01-01');
INSERT INTO Person (personID, forename, surname, DoB) VALUES (37, 'a', 'b', '2006-01-01');
INSERT INTO Person (personID, forename, surname, DoB) VALUES (38, 'a', 'b', '1943-01-01');
INSERT INTO Person (personID, forename, surname, DoB) VALUES (39, 'a', 'b', '1988-01-01');
INSERT INTO Person (personID, forename, surname, DoB) VALUES (40, 'a', 'b', '1939-01-01');
INSERT INTO Person (personID, forename, surname, DoB) VALUES (41, 'a', 'b', '1978-01-01');
INSERT INTO Person (personID, forename, surname, DoB) VALUES (42, 'a', 'b', '1991-01-01');
INSERT INTO Person (personID, forename, surname, DoB) VALUES (43, 'a', 'b', '1990-01-01');
INSERT INTO Person (personID, forename, surname, DoB) VALUES (44, 'a', 'b', '1992-01-01');
INSERT INTO Person (personID, forename, surname, DoB) VALUES (45, 'a', 'b', '1955-01-01');
INSERT INTO Person (personID, forename, surname, DoB) VALUES (46, 'a', 'b', '2011-01-01');
INSERT INTO Person (personID, forename, surname, DoB) VALUES (47, 'a', 'b', '2006-01-01');
INSERT INTO Person (personID, forename, surname, DoB) VALUES (48, 'a', 'b', '1983-01-01');
INSERT INTO Person (personID, forename, surname, DoB) VALUES (49, 'a', 'b', '2004-01-01');
INSERT INTO Person (personID, forename, surname, DoB) VALUES (50, 'a', 'b', '1947-01-01');
INSERT INTO Person (personID, forename, surname, DoB) VALUES (51, 'a', 'b', '1999-01-01');
INSERT INTO Person (personID, forename, surname, DoB) VALUES (52, 'a', 'b', '1994-01-01');
INSERT INTO Person (personID, forename, surname, DoB) VALUES (53, 'a', 'b', '1980-01-01');
INSERT INTO Person (personID, forename, surname, DoB) VALUES (54, 'a', 'b', '1943-01-01');
INSERT INTO Person (personID, forename, surname, DoB) VALUES (55, 'a', 'b', '1985-01-01');
INSERT INTO Person (personID, forename, surname, DoB) VALUES (56, 'a', 'b', '1991-01-01');
INSERT INTO Person (personID, forename, surname, DoB) VALUES (57, 'a', 'b', '1988-01-01');
INSERT INTO Person (personID, forename, surname, DoB) VALUES (58, 'a', 'b', '2021-01-01');
INSERT INTO Person (personID, forename, surname, DoB) VALUES (59, 'a', 'b', '1979-01-01');
INSERT INTO Person (personID, forename, surname, DoB) VALUES (60, 'a', 'b', '2013-01-01');
INSERT INTO Person (personID, forename, surname, DoB) VALUES (61, 'a', 'b', '1940-01-01');
INSERT INTO Person (personID, forename, surname, DoB) VALUES (62, 'a', 'b', '2007-01-01');
INSERT INTO Person (personID, forename, surname, DoB) VALUES (63, 'a', 'b', '1993-01-01');
INSERT INTO Person (personID, forename, surname, DoB) VALUES (64, 'a', 'b', '2016-01-01');
INSERT INTO Person (personID, forename, surname, DoB) VALUES (65, 'a', 'b', '1979-01-01');
INSERT INTO Person (personID, forename, surname, DoB) VALUES (66, 'a', 'b', '1948-01-01');
INSERT INTO Person (personID, forename, surname, DoB) VALUES (67, 'a', 'b', '1955-01-01');
INSERT INTO Person (personID, forename, surname, DoB) VALUES (68, 'a', 'b', '1966-01-01');
INSERT INTO Person (personID, forename, surname, DoB) VALUES (69, 'a', 'b', '2022-01-01');
INSERT INTO Person (personID, forename, surname, DoB) VALUES (70, 'a', 'b', '1994-01-01');
INSERT INTO Person (personID, forename, surname, DoB) VALUES (71, 'a', 'b', '1965-01-01');
INSERT INTO Person (personID, forename, surname, DoB) VALUES (72, 'a', 'b', '1953-01-01');
INSERT INTO Person (personID, forename, surname, DoB) VALUES (73, 'a', 'b', '2003-01-01');
INSERT INTO Person (personID, forename, surname, DoB) VALUES (74, 'a', 'b', '2019-01-01');
INSERT INTO Person (personID, forename, surname, DoB) VALUES (75, 'a', 'b', '2005-01-01');
INSERT INTO Person (personID, forename, surname, DoB) VALUES (76, 'a', 'b', '1984-01-01');
INSERT INTO Person (personID, forename, surname, DoB) VALUES (77, 'a', 'b', '1964-01-01');
INSERT INTO Person (personID, forename, surname, DoB) VALUES (78, 'a', 'b', '1961-01-01');
INSERT INTO Person (personID, forename, surname, DoB) VALUES (79, 'a', 'b', '1980-01-01');
INSERT INTO Person (personID, forename, surname, DoB) VALUES (80, 'a', 'b', '1988-01-01');
INSERT INTO Person (personID, forename, surname, DoB) VALUES (81, 'a', 'b', '2014-01-01');
INSERT INTO Person (personID, forename, surname, DoB) VALUES (82, 'a', 'b', '1985-01-01');
INSERT INTO Person (personID, forename, surname, DoB) VALUES (83, 'a', 'b', '1957-01-01');
INSERT INTO Person (personID, forename, surname, DoB) VALUES (84, 'a', 'b', '2017-01-01');
INSERT INTO Person (personID, forename, surname, DoB) VALUES (85, 'a', 'b', '1987-01-01');
INSERT INTO Person (personID, forename, surname, DoB) VALUES (86, 'a', 'b', '2020-01-01');
INSERT INTO Person (personID, forename, surname, DoB) VALUES (87, 'a', 'b', '1976-01-01');
INSERT INTO Person (personID, forename, surname, DoB) VALUES (88, 'a', 'b', '1932-01-01');
INSERT INTO Person (personID, forename, surname, DoB) VALUES (89, 'a', 'b', '2022-01-01');
INSERT INTO Person (personID, forename, surname, DoB) VALUES (90, 'a', 'b', '1963-01-01');
INSERT INTO Person (personID, forename, surname, DoB) VALUES (91, 'a', 'b', '2011-01-01');
INSERT INTO Person (personID, forename, surname, DoB) VALUES (92, 'a', 'b', '2008-01-01');
INSERT INTO Person (personID, forename, surname, DoB) VALUES (93, 'a', 'b', '1981-01-01');
INSERT INTO Person (personID, forename, surname, DoB) VALUES (94, 'a', 'b', '2007-01-01');
INSERT INTO Person (personID, forename, surname, DoB) VALUES (95, 'a', 'b', '1993-01-01');
INSERT INTO Person (personID, forename, surname, DoB) VALUES (96, 'a', 'b', '1960-01-01');
INSERT INTO Person (personID, forename, surname, DoB) VALUES (97, 'a', 'b', '2009-01-01');
INSERT INTO Person (personID, forename, surname, DoB) VALUES (98, 'a', 'b', '1986-01-01');
INSERT INTO Person (personID, forename, surname, DoB) VALUES (99, 'a', 'b', '2007-01-01');
INSERT INTO Person (personID, forename, surname, DoB) VALUES (100, 'a', 'b', '1976-01-01');
INSERT INTO Person (personID, forename, surname, DoB) VALUES (101, 'a', 'b', '1992-01-01');
INSERT INTO Person (personID, forename, surname, DoB) VALUES (102, 'a', 'b', '1972-01-01');
INSERT INTO Person (personID, forename, surname, DoB) VALUES (103, 'a', 'b', '1982-01-01');
INSERT INTO Person (personID, forename, surname, DoB) VALUES (104, 'a', 'b', '2006-01-01');
INSERT INTO Person (personID, forename, surname, DoB) VALUES (105, 'a', 'b', '1947-01-01');
INSERT INTO Person (personID, forename, surname, DoB) VALUES (106, 'a', 'b', '1938-01-01');
INSERT INTO Person (personID, forename, surname, DoB) VALUES (107, 'a', 'b', '1959-01-01');
INSERT INTO Person (personID, forename, surname, DoB) VALUES (108, 'a', 'b', '1935-01-01');
INSERT INTO Person (personID, forename, surname, DoB) VALUES (109, 'a', 'b', '1958-01-01');
INSERT INTO Person (personID, forename, surname, DoB) VALUES (110, 'a', 'b', '1976-01-01');
INSERT INTO Person (personID, forename, surname, DoB) VALUES (111, 'a', 'b', '1977-01-01');
INSERT INTO Person (personID, forename, surname, DoB) VALUES (112, 'a', 'b', '1966-01-01');
INSERT INTO Person (personID, forename, surname, DoB) VALUES (113, 'a', 'b', '1993-01-01');
INSERT INTO Person (personID, forename, surname, DoB) VALUES (114, 'a', 'b', '2020-01-01');
INSERT INTO Person (personID, forename, surname, DoB) VALUES (115, 'a', 'b', '2008-01-01');
INSERT INTO Person (personID, forename, surname, DoB) VALUES (116, 'a', 'b', '2010-01-01');
INSERT INTO Person (personID, forename, surname, DoB) VALUES (117, 'a', 'b', '1939-01-01');
INSERT INTO Person (personID, forename, surname, DoB) VALUES (118, 'a', 'b', '1983-01-01');
INSERT INTO Person (personID, forename, surname, DoB) VALUES (119, 'a', 'b', '2019-01-01');
INSERT INTO Person (personID, forename, surname, DoB) VALUES (120, 'a', 'b', '1968-01-01');
INSERT INTO Person (personID, forename, surname, DoB) VALUES (121, 'a', 'b', '2019-01-01');
INSERT INTO Person (personID, forename, surname, DoB) VALUES (122, 'a', 'b', '1962-01-01');
INSERT INTO Person (personID, forename, surname, DoB) VALUES (123, 'a', 'b', '1987-01-01');
INSERT INTO Person (personID, forename, surname, DoB) VALUES (124, 'a', 'b', '1978-01-01');
INSERT INTO Person (personID, forename, surname, DoB) VALUES (125, 'a', 'b', '2013-01-01');
INSERT INTO Person (personID, forename, surname, DoB) VALUES (126, 'a', 'b', '1985-01-01');
INSERT INTO Person (personID, forename, surname, DoB) VALUES (127, 'a', 'b', '1996-01-01');
INSERT INTO Person (personID, forename, surname, DoB) VALUES (128, 'a', 'b', '1992-01-01');
INSERT INTO Person (personID, forename, surname, DoB) VALUES (129, 'a', 'b', '1937-01-01');
INSERT INTO Person (personID, forename, surname, DoB) VALUES (130, 'a', 'b', '2003-01-01');
INSERT INTO Person (personID, forename, surname, DoB) VALUES (131, 'a', 'b', '1989-01-01');
INSERT INTO Person (personID, forename, surname, DoB) VALUES (132, 'a', 'b', '1991-01-01');
INSERT INTO Person (personID, forename, surname, DoB) VALUES (133, 'a', 'b', '1985-01-01');
INSERT INTO Person (personID, forename, surname, DoB) VALUES (134, 'a', 'b', '1961-01-01');
INSERT INTO Person (personID, forename, surname, DoB) VALUES (135, 'a', 'b', '1967-01-01');
INSERT INTO Person (personID, forename, surname, DoB) VALUES (136, 'a', 'b', '1957-01-01');
INSERT INTO Person (personID, forename, surname, DoB) VALUES (137, 'a', 'b', '1986-01-01');
INSERT INTO Person (personID, forename, surname, DoB) VALUES (138, 'a', 'b', '2018-01-01');
INSERT INTO Person (personID, forename, surname, DoB) VALUES (139, 'a', 'b', '1970-01-01');
INSERT INTO Person (personID, forename, surname, DoB) VALUES (140, 'a', 'b', '1967-01-01');
INSERT INTO Person (personID, forename, surname, DoB) VALUES (141, 'a', 'b', '2003-01-01');
INSERT INTO Person (personID, forename, surname, DoB) VALUES (142, 'a', 'b', '1946-01-01');
INSERT INTO Person (personID, forename, surname, DoB) VALUES (143, 'a', 'b', '1939-01-01');
INSERT INTO Person (personID, forename, surname, DoB) VALUES (144, 'a', 'b', '1978-01-01');
INSERT INTO Person (personID, forename, surname, DoB) VALUES (145, 'a', 'b', '2009-01-01');
INSERT INTO Person (personID, forename, surname, DoB) VALUES (146, 'a', 'b', '2002-01-01');
INSERT INTO Person (personID, forename, surname, DoB) VALUES (147, 'a', 'b', '1965-01-01');
INSERT INTO Person (personID, forename, surname, DoB) VALUES (148, 'a', 'b', '2015-01-01');
INSERT INTO Person (personID, forename, surname, DoB) VALUES (149, 'a', 'b', '1950-01-01');
INSERT INTO Person (personID, forename, surname, DoB) VALUES (150, 'a', 'b', '1965-01-01');
INSERT INTO Person (personID, forename, surname, DoB) VALUES (151, 'a', 'b', '1962-01-01');
INSERT INTO Person (personID, forename, surname, DoB) VALUES (152, 'a', 'b', '1953-01-01');
INSERT INTO Person (personID, forename, surname, DoB) VALUES (153, 'a', 'b', '1999-01-01');
INSERT INTO Person (personID, forename, surname, DoB) VALUES (154, 'a', 'b', '1988-01-01');
INSERT INTO Person (personID, forename, surname, DoB) VALUES (155, 'a', 'b', '2020-01-01');
INSERT INTO Person (personID, forename, surname, DoB) VALUES (156, 'a', 'b', '1975-01-01');
INSERT INTO Person (personID, forename, surname, DoB) VALUES (157, 'a', 'b', '1980-01-01');
INSERT INTO Person (personID, forename, surname, DoB) VALUES (158, 'a', 'b', '2003-01-01');
INSERT INTO Person (personID, forename, surname, DoB) VALUES (159, 'a', 'b', '1975-01-01');
INSERT INTO Person (personID, forename, surname, DoB) VALUES (160, 'a', 'b', '1988-01-01');
INSERT INTO Person (personID, forename, surname, DoB) VALUES (161, 'a', 'b', '1981-01-01');
INSERT INTO Person (personID, forename, surname, DoB) VALUES (162, 'a', 'b', '1956-01-01');
INSERT INTO Person (personID, forename, surname, DoB) VALUES (163, 'a', 'b', '1964-01-01');
INSERT INTO Person (personID, forename, surname, DoB) VALUES (164, 'a', 'b', '2004-01-01');
INSERT INTO Person (personID, forename, surname, DoB) VALUES (165, 'a', 'b', '1985-01-01');
INSERT INTO Person (personID, forename, surname, DoB) VALUES (166, 'a', 'b', '1942-01-01');
INSERT INTO Person (personID, forename, surname, DoB) VALUES (167, 'a', 'b', '1967-01-01');
INSERT INTO Person (personID, forename, surname, DoB) VALUES (168, 'a', 'b', '1941-01-01');
INSERT INTO Person (personID, forename, surname, DoB) VALUES (169, 'a', 'b', '1987-01-01');
INSERT INTO Person (personID, forename, surname, DoB) VALUES (170, 'a', 'b', '2018-01-01');
INSERT INTO Person (personID, forename, surname, DoB) VALUES (171, 'a', 'b', '1939-01-01');
INSERT INTO Person (personID, forename, surname, DoB) VALUES (172, 'a', 'b', '1974-01-01');
INSERT INTO Person (personID, forename, surname, DoB) VALUES (173, 'a', 'b', '1994-01-01');
INSERT INTO Person (personID, forename, surname, DoB) VALUES (174, 'a', 'b', '1951-01-01');
INSERT INTO Person (personID, forename, surname, DoB) VALUES (175, 'a', 'b', '2013-01-01');
INSERT INTO Person (personID, forename, surname, DoB) VALUES (176, 'a', 'b', '1986-01-01');
INSERT INTO Person (personID, forename, surname, DoB) VALUES (177, 'a', 'b', '2008-01-01');
INSERT INTO Person (personID, forename, surname, DoB) VALUES (178, 'a', 'b', '1964-01-01');
INSERT INTO Person (personID, forename, surname, DoB) VALUES (179, 'a', 'b', '1999-01-01');
INSERT INTO Person (personID, forename, surname, DoB) VALUES (180, 'a', 'b', '1977-01-01');
INSERT INTO Person (personID, forename, surname, DoB) VALUES (181, 'a', 'b', '1965-01-01');
INSERT INTO Person (personID, forename, surname, DoB) VALUES (182, 'a', 'b', '2021-01-01');
INSERT INTO Person (personID, forename, surname, DoB) VALUES (183, 'a', 'b', '1991-01-01');
INSERT INTO Person (personID, forename, surname, DoB) VALUES (184, 'a', 'b', '1976-01-01');
INSERT INTO Person (personID, forename, surname, DoB) VALUES (185, 'a', 'b', '2007-01-01');
INSERT INTO Person (personID, forename, surname, DoB) VALUES (186, 'a', 'b', '1936-01-01');
INSERT INTO Person (personID, forename, surname, DoB) VALUES (187, 'a', 'b', '1952-01-01');
INSERT INTO Person (personID, forename, surname, DoB) VALUES (188, 'a', 'b', '1936-01-01');
INSERT INTO Person (personID, forename, surname, DoB) VALUES (189, 'a', 'b', '1941-01-01');
INSERT INTO Person (personID, forename, surname, DoB) VALUES (190, 'a', 'b', '1984-01-01');
INSERT INTO Person (personID, forename, surname, DoB) VALUES (191, 'a', 'b', '1932-01-01');
INSERT INTO Person (personID, forename, surname, DoB) VALUES (192, 'a', 'b', '2008-01-01');
INSERT INTO Person (personID, forename, surname, DoB) VALUES (193, 'a', 'b', '1971-01-01');
INSERT INTO Person (personID, forename, surname, DoB) VALUES (194, 'a', 'b', '2022-01-01');
INSERT INTO Person (personID, forename, surname, DoB) VALUES (195, 'a', 'b', '1973-01-01');
INSERT INTO Person (personID, forename, surname, DoB) VALUES (196, 'a', 'b', '2022-01-01');
INSERT INTO Person (personID, forename, surname, DoB) VALUES (197, 'a', 'b', '1934-01-01');
INSERT INTO Person (personID, forename, surname, DoB) VALUES (198, 'a', 'b', '1997-01-01');
INSERT INTO Person (personID, forename, surname, DoB) VALUES (199, 'a', 'b', '1972-01-01');
INSERT INTO Person (personID, forename, surname, DoB) VALUES (200, 'a', 'b', '1947-01-01');
INSERT INTO Person (personID, forename, surname, DoB) VALUES (201, 'a', 'b', '1995-01-01');
INSERT INTO Person (personID, forename, surname, DoB) VALUES (202, 'a', 'b', '1959-01-01');
INSERT INTO Person (personID, forename, surname, DoB) VALUES (203, 'a', 'b', '1999-01-01');
INSERT INTO Person (personID, forename, surname, DoB) VALUES (204, 'a', 'b', '1941-01-01');
INSERT INTO Person (personID, forename, surname, DoB) VALUES (205, 'a', 'b', '1979-01-01');
INSERT INTO Person (personID, forename, surname, DoB) VALUES (206, 'a', 'b', '1969-01-01');
INSERT INTO Person (personID, forename, surname, DoB) VALUES (207, 'a', 'b', '1956-01-01');
INSERT INTO Person (personID, forename, surname, DoB) VALUES (208, 'a', 'b', '1945-01-01');
INSERT INTO Person (personID, forename, surname, DoB) VALUES (209, 'a', 'b', '2011-01-01');
INSERT INTO Person (personID, forename, surname, DoB) VALUES (210, 'a', 'b', '1971-01-01');
INSERT INTO Person (personID, forename, surname, DoB) VALUES (211, 'a', 'b', '1957-01-01');
INSERT INTO Person (personID, forename, surname, DoB) VALUES (212, 'a', 'b', '2002-01-01');
INSERT INTO Person (personID, forename, surname, DoB) VALUES (213, 'a', 'b', '1996-01-01');
INSERT INTO Person (personID, forename, surname, DoB) VALUES (214, 'a', 'b', '1996-01-01');
INSERT INTO Person (personID, forename, surname, DoB) VALUES (215, 'a', 'b', '1981-01-01');
INSERT INTO Person (personID, forename, surname, DoB) VALUES (216, 'a', 'b', '1983-01-01');
INSERT INTO Person (personID, forename, surname, DoB) VALUES (217, 'a', 'b', '1951-01-01');
INSERT INTO Person (personID, forename, surname, DoB) VALUES (218, 'a', 'b', '1985-01-01');
INSERT INTO Person (personID, forename, surname, DoB) VALUES (219, 'a', 'b', '1984-01-01');
INSERT INTO Person (personID, forename, surname, DoB) VALUES (220, 'a', 'b', '1967-01-01');
INSERT INTO Person (personID, forename, surname, DoB) VALUES (221, 'a', 'b', '2013-01-01');
INSERT INTO Person (personID, forename, surname, DoB) VALUES (222, 'a', 'b', '1981-01-01');
INSERT INTO Person (personID, forename, surname, DoB) VALUES (223, 'a', 'b', '2018-01-01');
INSERT INTO Person (personID, forename, surname, DoB) VALUES (224, 'a', 'b', '2010-01-01');
INSERT INTO Person (personID, forename, surname, DoB) VALUES (225, 'a', 'b', '2013-01-01');
INSERT INTO Person (personID, forename, surname, DoB) VALUES (226, 'a', 'b', '1970-01-01');
INSERT INTO Person (personID, forename, surname, DoB) VALUES (227, 'a', 'b', '2009-01-01');
INSERT INTO Person (personID, forename, surname, DoB) VALUES (228, 'a', 'b', '1974-01-01');
INSERT INTO Person (personID, forename, surname, DoB) VALUES (229, 'a', 'b', '1972-01-01');
INSERT INTO Person (personID, forename, surname, DoB) VALUES (230, 'a', 'b', '1971-01-01');
INSERT INTO Person (personID, forename, surname, DoB) VALUES (231, 'a', 'b', '2012-01-01');
INSERT INTO Person (personID, forename, surname, DoB) VALUES (232, 'a', 'b', '1950-01-01');
INSERT INTO Person (personID, forename, surname, DoB) VALUES (233, 'a', 'b', '1969-01-01');
INSERT INTO Person (personID, forename, surname, DoB) VALUES (234, 'a', 'b', '1938-01-01');
INSERT INTO Person (personID, forename, surname, DoB) VALUES (235, 'a', 'b', '1960-01-01');
INSERT INTO Person (personID, forename, surname, DoB) VALUES (236, 'a', 'b', '1972-01-01');
INSERT INTO Person (personID, forename, surname, DoB) VALUES (237, 'a', 'b', '1945-01-01');
INSERT INTO Person (personID, forename, surname, DoB) VALUES (238, 'a', 'b', '1950-01-01');
INSERT INTO Person (personID, forename, surname, DoB) VALUES (239, 'a', 'b', '1936-01-01');
INSERT INTO Person (personID, forename, surname, DoB) VALUES (240, 'a', 'b', '1964-01-01');
INSERT INTO Person (personID, forename, surname, DoB) VALUES (241, 'a', 'b', '1994-01-01');
INSERT INTO Person (personID, forename, surname, DoB) VALUES (242, 'a', 'b', '1956-01-01');
INSERT INTO Person (personID, forename, surname, DoB) VALUES (243, 'a', 'b', '1993-01-01');
INSERT INTO Person (personID, forename, surname, DoB) VALUES (244, 'a', 'b', '1942-01-01');
INSERT INTO Person (personID, forename, surname, DoB) VALUES (245, 'a', 'b', '2005-01-01');
INSERT INTO Person (personID, forename, surname, DoB) VALUES (246, 'a', 'b', '2015-01-01');
INSERT INTO Person (personID, forename, surname, DoB) VALUES (247, 'a', 'b', '2002-01-01');
INSERT INTO Person (personID, forename, surname, DoB) VALUES (248, 'a', 'b', '1932-01-01');
INSERT INTO Person (personID, forename, surname, DoB) VALUES (249, 'a', 'b', '2019-01-01');
INSERT INTO Person (personID, forename, surname, DoB) VALUES (250, 'a', 'b', '1986-01-01');
INSERT INTO Person (personID, forename, surname, DoB) VALUES (251, 'a', 'b', '1974-01-01');
INSERT INTO Person (personID, forename, surname, DoB) VALUES (252, 'a', 'b', '2018-01-01');
INSERT INTO Person (personID, forename, surname, DoB) VALUES (253, 'a', 'b', '1955-01-01');
INSERT INTO Person (personID, forename, surname, DoB) VALUES (254, 'a', 'b', '2006-01-01');
INSERT INTO Person (personID, forename, surname, DoB) VALUES (255, 'a', 'b', '1959-01-01');
INSERT INTO Person (personID, forename, surname, DoB) VALUES (256, 'a', 'b', '1956-01-01');
INSERT INTO Person (personID, forename, surname, DoB) VALUES (257, 'a', 'b', '2002-01-01');
INSERT INTO Person (personID, forename, surname, DoB) VALUES (258, 'a', 'b', '1967-01-01');
INSERT INTO Person (personID, forename, surname, DoB) VALUES (259, 'a', 'b', '1938-01-01');
INSERT INTO Person (personID, forename, surname, DoB) VALUES (260, 'a', 'b', '2004-01-01');
INSERT INTO Person (personID, forename, surname, DoB) VALUES (261, 'a', 'b', '2018-01-01');
INSERT INTO Person (personID, forename, surname, DoB) VALUES (262, 'a', 'b', '1946-01-01');
INSERT INTO Person (personID, forename, surname, DoB) VALUES (263, 'a', 'b', '1998-01-01');
INSERT INTO Person (personID, forename, surname, DoB) VALUES (264, 'a', 'b', '1970-01-01');
INSERT INTO Person (personID, forename, surname, DoB) VALUES (265, 'a', 'b', '2007-01-01');
INSERT INTO Person (personID, forename, surname, DoB) VALUES (266, 'a', 'b', '1986-01-01');
INSERT INTO Person (personID, forename, surname, DoB) VALUES (267, 'a', 'b', '1998-01-01');
INSERT INTO Person (personID, forename, surname, DoB) VALUES (268, 'a', 'b', '1990-01-01');
INSERT INTO Person (personID, forename, surname, DoB) VALUES (269, 'a', 'b', '2020-01-01');
INSERT INTO Person (personID, forename, surname, DoB) VALUES (270, 'a', 'b', '2013-01-01');
INSERT INTO Person (personID, forename, surname, DoB) VALUES (271, 'a', 'b', '1941-01-01');
INSERT INTO Person (personID, forename, surname, DoB) VALUES (272, 'a', 'b', '2006-01-01');
INSERT INTO Person (personID, forename, surname, DoB) VALUES (273, 'a', 'b', '2002-01-01');
INSERT INTO Person (personID, forename, surname, DoB) VALUES (274, 'a', 'b', '1993-01-01');
INSERT INTO Person (personID, forename, surname, DoB) VALUES (275, 'a', 'b', '1989-01-01');
INSERT INTO Person (personID, forename, surname, DoB) VALUES (276, 'a', 'b', '2010-01-01');
INSERT INTO Person (personID, forename, surname, DoB) VALUES (277, 'a', 'b', '1958-01-01');
INSERT INTO Person (personID, forename, surname, DoB) VALUES (278, 'a', 'b', '2021-01-01');
INSERT INTO Person (personID, forename, surname, DoB) VALUES (279, 'a', 'b', '1983-01-01');
INSERT INTO Person (personID, forename, surname, DoB) VALUES (280, 'a', 'b', '1992-01-01');
INSERT INTO Person (personID, forename, surname, DoB) VALUES (281, 'a', 'b', '1936-01-01');
INSERT INTO Person (personID, forename, surname, DoB) VALUES (282, 'a', 'b', '1997-01-01');
INSERT INTO Person (personID, forename, surname, DoB) VALUES (283, 'a', 'b', '1976-01-01');
INSERT INTO Person (personID, forename, surname, DoB) VALUES (284, 'a', 'b', '1975-01-01');
INSERT INTO Person (personID, forename, surname, DoB) VALUES (285, 'a', 'b', '1992-01-01');
INSERT INTO Person (personID, forename, surname, DoB) VALUES (286, 'a', 'b', '1968-01-01');
INSERT INTO Person (personID, forename, surname, DoB) VALUES (287, 'a', 'b', '1993-01-01');
INSERT INTO Person (personID, forename, surname, DoB) VALUES (288, 'a', 'b', '2003-01-01');
INSERT INTO Person (personID, forename, surname, DoB) VALUES (289, 'a', 'b', '2011-01-01');
INSERT INTO Person (personID, forename, surname, DoB) VALUES (290, 'a', 'b', '1952-01-01');
INSERT INTO Person (personID, forename, surname, DoB) VALUES (291, 'a', 'b', '2010-01-01');
INSERT INTO Person (personID, forename, surname, DoB) VALUES (292, 'a', 'b', '2020-01-01');
INSERT INTO Person (personID, forename, surname, DoB) VALUES (293, 'a', 'b', '1997-01-01');
INSERT INTO Person (personID, forename, surname, DoB) VALUES (294, 'a', 'b', '2021-01-01');
INSERT INTO Person (personID, forename, surname, DoB) VALUES (295, 'a', 'b', '2010-01-01');
INSERT INTO Person (personID, forename, surname, DoB) VALUES (296, 'a', 'b', '1940-01-01');
INSERT INTO Person (personID, forename, surname, DoB) VALUES (297, 'a', 'b', '1945-01-01');
INSERT INTO Person (personID, forename, surname, DoB) VALUES (298, 'a', 'b', '1933-01-01');
INSERT INTO Person (personID, forename, surname, DoB) VALUES (299, 'a', 'b', '1941-01-01');
INSERT INTO Person (personID, forename, surname, DoB) VALUES (300, 'a', 'b', '2017-01-01');
INSERT INTO Person (personID, forename, surname, DoB) VALUES (301, 'a', 'b', '1944-01-01');
INSERT INTO Person (personID, forename, surname, DoB) VALUES (302, 'a', 'b', '1962-01-01');
INSERT INTO Person (personID, forename, surname, DoB) VALUES (303, 'a', 'b', '1981-01-01');
INSERT INTO Person (personID, forename, surname, DoB) VALUES (304, 'a', 'b', '1972-01-01');
INSERT INTO Person (personID, forename, surname, DoB) VALUES (305, 'a', 'b', '1948-01-01');
INSERT INTO Person (personID, forename, surname, DoB) VALUES (306, 'a', 'b', '1946-01-01');
INSERT INTO Person (personID, forename, surname, DoB) VALUES (307, 'a', 'b', '1970-01-01');
INSERT INTO Person (personID, forename, surname, DoB) VALUES (308, 'a', 'b', '1940-01-01');
INSERT INTO Person (personID, forename, surname, DoB) VALUES (309, 'a', 'b', '2013-01-01');
INSERT INTO Person (personID, forename, surname, DoB) VALUES (310, 'a', 'b', '1997-01-01');
INSERT INTO Person (personID, forename, surname, DoB) VALUES (311, 'a', 'b', '1971-01-01');
INSERT INTO Person (personID, forename, surname, DoB) VALUES (312, 'a', 'b', '1974-01-01');
INSERT INTO Person (personID, forename, surname, DoB) VALUES (313, 'a', 'b', '1971-01-01');
INSERT INTO Person (personID, forename, surname, DoB) VALUES (314, 'a', 'b', '1945-01-01');
INSERT INTO Person (personID, forename, surname, DoB) VALUES (315, 'a', 'b', '1991-01-01');
INSERT INTO Person (personID, forename, surname, DoB) VALUES (316, 'a', 'b', '2013-01-01');
INSERT INTO Person (personID, forename, surname, DoB) VALUES (317, 'a', 'b', '1939-01-01');
INSERT INTO Person (personID, forename, surname, DoB) VALUES (318, 'a', 'b', '1998-01-01');
INSERT INTO Person (personID, forename, surname, DoB) VALUES (319, 'a', 'b', '1981-01-01');
INSERT INTO Person (personID, forename, surname, DoB) VALUES (320, 'a', 'b', '1940-01-01');
INSERT INTO Person (personID, forename, surname, DoB) VALUES (321, 'a', 'b', '2022-01-01');
INSERT INTO Person (personID, forename, surname, DoB) VALUES (322, 'a', 'b', '1940-01-01');
INSERT INTO Person (personID, forename, surname, DoB) VALUES (323, 'a', 'b', '2005-01-01');
INSERT INTO Person (personID, forename, surname, DoB) VALUES (324, 'a', 'b', '1985-01-01');
INSERT INTO Person (personID, forename, surname, DoB) VALUES (325, 'a', 'b', '2019-01-01');
INSERT INTO Person (personID, forename, surname, DoB) VALUES (326, 'a', 'b', '1932-01-01');
INSERT INTO Person (personID, forename, surname, DoB) VALUES (327, 'a', 'b', '2001-01-01');
INSERT INTO Person (personID, forename, surname, DoB) VALUES (328, 'a', 'b', '2004-01-01');
INSERT INTO Person (personID, forename, surname, DoB) VALUES (329, 'a', 'b', '2010-01-01');
INSERT INTO Person (personID, forename, surname, DoB) VALUES (330, 'a', 'b', '1951-01-01');
INSERT INTO Person (personID, forename, surname, DoB) VALUES (331, 'a', 'b', '1979-01-01');
INSERT INTO Person (personID, forename, surname, DoB) VALUES (332, 'a', 'b', '2000-01-01');
INSERT INTO Person (personID, forename, surname, DoB) VALUES (333, 'a', 'b', '2022-01-01');
INSERT INTO Person (personID, forename, surname, DoB) VALUES (334, 'a', 'b', '1990-01-01');
INSERT INTO Person (personID, forename, surname, DoB) VALUES (335, 'a', 'b', '1963-01-01');
INSERT INTO Person (personID, forename, surname, DoB) VALUES (336, 'a', 'b', '1970-01-01');
INSERT INTO Person (personID, forename, surname, DoB) VALUES (337, 'a', 'b', '1986-01-01');
INSERT INTO Person (personID, forename, surname, DoB) VALUES (338, 'a', 'b', '1947-01-01');
INSERT INTO Person (personID, forename, surname, DoB) VALUES (339, 'a', 'b', '1938-01-01');
INSERT INTO Person (personID, forename, surname, DoB) VALUES (340, 'a', 'b', '1969-01-01');
INSERT INTO Person (personID, forename, surname, DoB) VALUES (341, 'a', 'b', '2017-01-01');
INSERT INTO Person (personID, forename, surname, DoB) VALUES (342, 'a', 'b', '1999-01-01');
INSERT INTO Person (personID, forename, surname, DoB) VALUES (343, 'a', 'b', '1932-01-01');
INSERT INTO Person (personID, forename, surname, DoB) VALUES (344, 'a', 'b', '1963-01-01');
INSERT INTO Person (personID, forename, surname, DoB) VALUES (345, 'a', 'b', '1996-01-01');
INSERT INTO Person (personID, forename, surname, DoB) VALUES (346, 'a', 'b', '1966-01-01');
INSERT INTO Person (personID, forename, surname, DoB) VALUES (347, 'a', 'b', '1951-01-01');
INSERT INTO Person (personID, forename, surname, DoB) VALUES (348, 'a', 'b', '1962-01-01');
INSERT INTO Person (personID, forename, surname, DoB) VALUES (349, 'a', 'b', '2021-01-01');
INSERT INTO Person (personID, forename, surname, DoB) VALUES (350, 'a', 'b', '2022-01-01');
INSERT INTO Person (personID, forename, surname, DoB) VALUES (351, 'a', 'b', '1940-01-01');
INSERT INTO Person (personID, forename, surname, DoB) VALUES (352, 'a', 'b', '1981-01-01');
INSERT INTO Person (personID, forename, surname, DoB) VALUES (353, 'a', 'b', '2008-01-01');
INSERT INTO Person (personID, forename, surname, DoB) VALUES (354, 'a', 'b', '1977-01-01');
INSERT INTO Person (personID, forename, surname, DoB) VALUES (355, 'a', 'b', '2018-01-01');
INSERT INTO Person (personID, forename, surname, DoB) VALUES (356, 'a', 'b', '1938-01-01');
INSERT INTO Person (personID, forename, surname, DoB) VALUES (357, 'a', 'b', '1963-01-01');
INSERT INTO Person (personID, forename, surname, DoB) VALUES (358, 'a', 'b', '1995-01-01');
INSERT INTO Person (personID, forename, surname, DoB) VALUES (359, 'a', 'b', '1978-01-01');
INSERT INTO Person (personID, forename, surname, DoB) VALUES (360, 'a', 'b', '2019-01-01');
INSERT INTO Person (personID, forename, surname, DoB) VALUES (361, 'a', 'b', '1940-01-01');
INSERT INTO Person (personID, forename, surname, DoB) VALUES (362, 'a', 'b', '1949-01-01');
INSERT INTO Person (personID, forename, surname, DoB) VALUES (363, 'a', 'b', '1988-01-01');
INSERT INTO Person (personID, forename, surname, DoB) VALUES (364, 'a', 'b', '1936-01-01');
INSERT INTO Person (personID, forename, surname, DoB) VALUES (365, 'a', 'b', '1959-01-01');
INSERT INTO Person (personID, forename, surname, DoB) VALUES (366, 'a', 'b', '2011-01-01');
INSERT INTO Person (personID, forename, surname, DoB) VALUES (367, 'a', 'b', '1947-01-01');
INSERT INTO Person (personID, forename, surname, DoB) VALUES (368, 'a', 'b', '1967-01-01');
INSERT INTO Person (personID, forename, surname, DoB) VALUES (369, 'a', 'b', '1941-01-01');
INSERT INTO Person (personID, forename, surname, DoB) VALUES (370, 'a', 'b', '1934-01-01');
INSERT INTO Person (personID, forename, surname, DoB) VALUES (371, 'a', 'b', '1995-01-01');
INSERT INTO Person (personID, forename, surname, DoB) VALUES (372, 'a', 'b', '2011-01-01');
INSERT INTO Person (personID, forename, surname, DoB) VALUES (373, 'a', 'b', '1970-01-01');
INSERT INTO Person (personID, forename, surname, DoB) VALUES (374, 'a', 'b', '1959-01-01');
INSERT INTO Person (personID, forename, surname, DoB) VALUES (375, 'a', 'b', '1955-01-01');
INSERT INTO Person (personID, forename, surname, DoB) VALUES (376, 'a', 'b', '2005-01-01');
INSERT INTO Person (personID, forename, surname, DoB) VALUES (377, 'a', 'b', '1989-01-01');
INSERT INTO Person (personID, forename, surname, DoB) VALUES (378, 'a', 'b', '1953-01-01');
INSERT INTO Person (personID, forename, surname, DoB) VALUES (379, 'a', 'b', '1990-01-01');
INSERT INTO Person (personID, forename, surname, DoB) VALUES (380, 'a', 'b', '2021-01-01');
INSERT INTO Person (personID, forename, surname, DoB) VALUES (381, 'a', 'b', '2012-01-01');
INSERT INTO Person (personID, forename, surname, DoB) VALUES (382, 'a', 'b', '1935-01-01');
INSERT INTO Person (personID, forename, surname, DoB) VALUES (383, 'a', 'b', '2001-01-01');
INSERT INTO Person (personID, forename, surname, DoB) VALUES (384, 'a', 'b', '1946-01-01');
INSERT INTO Person (personID, forename, surname, DoB) VALUES (385, 'a', 'b', '1971-01-01');
INSERT INTO Person (personID, forename, surname, DoB) VALUES (386, 'a', 'b', '2004-01-01');
INSERT INTO Person (personID, forename, surname, DoB) VALUES (387, 'a', 'b', '1950-01-01');
INSERT INTO Person (personID, forename, surname, DoB) VALUES (388, 'a', 'b', '2022-01-01');
INSERT INTO Person (personID, forename, surname, DoB) VALUES (389, 'a', 'b', '1940-01-01');
INSERT INTO Person (personID, forename, surname, DoB) VALUES (390, 'a', 'b', '1994-01-01');
INSERT INTO Person (personID, forename, surname, DoB) VALUES (391, 'a', 'b', '1942-01-01');
INSERT INTO Person (personID, forename, surname, DoB) VALUES (392, 'a', 'b', '2010-01-01');
INSERT INTO Person (personID, forename, surname, DoB) VALUES (393, 'a', 'b', '1978-01-01');
INSERT INTO Person (personID, forename, surname, DoB) VALUES (394, 'a', 'b', '2001-01-01');
INSERT INTO Person (personID, forename, surname, DoB) VALUES (395, 'a', 'b', '1977-01-01');
INSERT INTO Person (personID, forename, surname, DoB) VALUES (396, 'a', 'b', '2018-01-01');
INSERT INTO Person (personID, forename, surname, DoB) VALUES (397, 'a', 'b', '1978-01-01');
INSERT INTO Person (personID, forename, surname, DoB) VALUES (398, 'a', 'b', '2009-01-01');
INSERT INTO Person (personID, forename, surname, DoB) VALUES (399, 'a', 'b', '1959-01-01');
INSERT INTO Person (personID, forename, surname, DoB) VALUES (400, 'a', 'b', '2008-01-01');
INSERT INTO Person (personID, forename, surname, DoB) VALUES (401, 'a', 'b', '1981-01-01');
INSERT INTO Person (personID, forename, surname, DoB) VALUES (402, 'a', 'b', '2007-01-01');
INSERT INTO Person (personID, forename, surname, DoB) VALUES (403, 'a', 'b', '1988-01-01');
INSERT INTO Person (personID, forename, surname, DoB) VALUES (404, 'a', 'b', '1976-01-01');
INSERT INTO Person (personID, forename, surname, DoB) VALUES (405, 'a', 'b', '1943-01-01');
INSERT INTO Person (personID, forename, surname, DoB) VALUES (406, 'a', 'b', '1987-01-01');
INSERT INTO Person (personID, forename, surname, DoB) VALUES (407, 'a', 'b', '2000-01-01');
INSERT INTO Person (personID, forename, surname, DoB) VALUES (408, 'a', 'b', '2016-01-01');
INSERT INTO Person (personID, forename, surname, DoB) VALUES (409, 'a', 'b', '1935-01-01');
INSERT INTO Person (personID, forename, surname, DoB) VALUES (410, 'a', 'b', '2000-01-01');
INSERT INTO Person (personID, forename, surname, DoB) VALUES (411, 'a', 'b', '1974-01-01');
INSERT INTO Person (personID, forename, surname, DoB) VALUES (412, 'a', 'b', '1993-01-01');
INSERT INTO Person (personID, forename, surname, DoB) VALUES (413, 'a', 'b', '1935-01-01');
INSERT INTO Person (personID, forename, surname, DoB) VALUES (414, 'a', 'b', '2022-01-01');
INSERT INTO Person (personID, forename, surname, DoB) VALUES (415, 'a', 'b', '1975-01-01');
INSERT INTO Person (personID, forename, surname, DoB) VALUES (416, 'a', 'b', '2022-01-01');
INSERT INTO Person (personID, forename, surname, DoB) VALUES (417, 'a', 'b', '1950-01-01');
INSERT INTO Person (personID, forename, surname, DoB) VALUES (418, 'a', 'b', '2019-01-01');
INSERT INTO Person (personID, forename, surname, DoB) VALUES (419, 'a', 'b', '1937-01-01');
INSERT INTO Person (personID, forename, surname, DoB) VALUES (420, 'a', 'b', '1991-01-01');
INSERT INTO Person (personID, forename, surname, DoB) VALUES (421, 'a', 'b', '1943-01-01');
INSERT INTO Person (personID, forename, surname, DoB) VALUES (422, 'a', 'b', '1950-01-01');
INSERT INTO Person (personID, forename, surname, DoB) VALUES (423, 'a', 'b', '2011-01-01');
INSERT INTO Person (personID, forename, surname, DoB) VALUES (424, 'a', 'b', '1966-01-01');
INSERT INTO Person (personID, forename, surname, DoB) VALUES (425, 'a', 'b', '1960-01-01');
INSERT INTO Person (personID, forename, surname, DoB) VALUES (426, 'a', 'b', '1960-01-01');
INSERT INTO Person (personID, forename, surname, DoB) VALUES (427, 'a', 'b', '1958-01-01');
INSERT INTO Person (personID, forename, surname, DoB) VALUES (428, 'a', 'b', '2010-01-01');
INSERT INTO Person (personID, forename, surname, DoB) VALUES (429, 'a', 'b', '1985-01-01');
INSERT INTO Person (personID, forename, surname, DoB) VALUES (430, 'a', 'b', '2014-01-01');
INSERT INTO Person (personID, forename, surname, DoB) VALUES (431, 'a', 'b', '1968-01-01');
INSERT INTO Person (personID, forename, surname, DoB) VALUES (432, 'a', 'b', '1941-01-01');
INSERT INTO Person (personID, forename, surname, DoB) VALUES (433, 'a', 'b', '1969-01-01');
INSERT INTO Person (personID, forename, surname, DoB) VALUES (434, 'a', 'b', '1974-01-01');
INSERT INTO Person (personID, forename, surname, DoB) VALUES (435, 'a', 'b', '1945-01-01');
INSERT INTO Person (personID, forename, surname, DoB) VALUES (436, 'a', 'b', '1983-01-01');
INSERT INTO Person (personID, forename, surname, DoB) VALUES (437, 'a', 'b', '1986-01-01');
INSERT INTO Person (personID, forename, surname, DoB) VALUES (438, 'a', 'b', '1997-01-01');
INSERT INTO Person (personID, forename, surname, DoB) VALUES (439, 'a', 'b', '1971-01-01');
INSERT INTO Person (personID, forename, surname, DoB) VALUES (440, 'a', 'b', '2018-01-01');
INSERT INTO Person (personID, forename, surname, DoB) VALUES (441, 'a', 'b', '2002-01-01');
INSERT INTO Person (personID, forename, surname, DoB) VALUES (442, 'a', 'b', '1935-01-01');
INSERT INTO Person (personID, forename, surname, DoB) VALUES (443, 'a', 'b', '1956-01-01');
INSERT INTO Person (personID, forename, surname, DoB) VALUES (444, 'a', 'b', '1960-01-01');
INSERT INTO Person (personID, forename, surname, DoB) VALUES (445, 'a', 'b', '2018-01-01');
INSERT INTO Person (personID, forename, surname, DoB) VALUES (446, 'a', 'b', '1942-01-01');
INSERT INTO Person (personID, forename, surname, DoB) VALUES (447, 'a', 'b', '1942-01-01');
INSERT INTO Person (personID, forename, surname, DoB) VALUES (448, 'a', 'b', '1953-01-01');
INSERT INTO Person (personID, forename, surname, DoB) VALUES (449, 'a', 'b', '1981-01-01');
INSERT INTO Person (personID, forename, surname, DoB) VALUES (450, 'a', 'b', '1974-01-01');
INSERT INTO Person (personID, forename, surname, DoB) VALUES (451, 'a', 'b', '2016-01-01');
INSERT INTO Person (personID, forename, surname, DoB) VALUES (452, 'a', 'b', '1975-01-01');
INSERT INTO Person (personID, forename, surname, DoB) VALUES (453, 'a', 'b', '2007-01-01');
INSERT INTO Person (personID, forename, surname, DoB) VALUES (454, 'a', 'b', '1934-01-01');
INSERT INTO Person (personID, forename, surname, DoB) VALUES (455, 'a', 'b', '1932-01-01');
INSERT INTO Person (personID, forename, surname, DoB) VALUES (456, 'a', 'b', '1952-01-01');
INSERT INTO Person (personID, forename, surname, DoB) VALUES (457, 'a', 'b', '1948-01-01');
INSERT INTO Person (personID, forename, surname, DoB) VALUES (458, 'a', 'b', '1977-01-01');
INSERT INTO Person (personID, forename, surname, DoB) VALUES (459, 'a', 'b', '1994-01-01');
INSERT INTO Person (personID, forename, surname, DoB) VALUES (460, 'a', 'b', '2011-01-01');
INSERT INTO Person (personID, forename, surname, DoB) VALUES (461, 'a', 'b', '1998-01-01');
INSERT INTO Person (personID, forename, surname, DoB) VALUES (462, 'a', 'b', '1973-01-01');
INSERT INTO Person (personID, forename, surname, DoB) VALUES (463, 'a', 'b', '1938-01-01');
INSERT INTO Person (personID, forename, surname, DoB) VALUES (464, 'a', 'b', '1949-01-01');
INSERT INTO Person (personID, forename, surname, DoB) VALUES (465, 'a', 'b', '2000-01-01');
INSERT INTO Person (personID, forename, surname, DoB) VALUES (466, 'a', 'b', '1979-01-01');
INSERT INTO Person (personID, forename, surname, DoB) VALUES (467, 'a', 'b', '1945-01-01');
INSERT INTO Person (personID, forename, surname, DoB) VALUES (468, 'a', 'b', '1981-01-01');
INSERT INTO Person (personID, forename, surname, DoB) VALUES (469, 'a', 'b', '1945-01-01');
INSERT INTO Person (personID, forename, surname, DoB) VALUES (470, 'a', 'b', '1978-01-01');
INSERT INTO Person (personID, forename, surname, DoB) VALUES (471, 'a', 'b', '1940-01-01');
INSERT INTO Person (personID, forename, surname, DoB) VALUES (472, 'a', 'b', '2020-01-01');
INSERT INTO Person (personID, forename, surname, DoB) VALUES (473, 'a', 'b', '1980-01-01');
INSERT INTO Person (personID, forename, surname, DoB) VALUES (474, 'a', 'b', '2008-01-01');
INSERT INTO Person (personID, forename, surname, DoB) VALUES (475, 'a', 'b', '2014-01-01');
INSERT INTO Person (personID, forename, surname, DoB) VALUES (476, 'a', 'b', '1988-01-01');
INSERT INTO Person (personID, forename, surname, DoB) VALUES (477, 'a', 'b', '1951-01-01');
INSERT INTO Person (personID, forename, surname, DoB) VALUES (478, 'a', 'b', '1988-01-01');
INSERT INTO Person (personID, forename, surname, DoB) VALUES (479, 'a', 'b', '1979-01-01');
INSERT INTO Person (personID, forename, surname, DoB) VALUES (480, 'a', 'b', '2004-01-01');
INSERT INTO Person (personID, forename, surname, DoB) VALUES (481, 'a', 'b', '1940-01-01');
INSERT INTO Person (personID, forename, surname, DoB) VALUES (482, 'a', 'b', '1974-01-01');
INSERT INTO Person (personID, forename, surname, DoB) VALUES (483, 'a', 'b', '1974-01-01');
INSERT INTO Person (personID, forename, surname, DoB) VALUES (484, 'a', 'b', '1946-01-01');
INSERT INTO Person (personID, forename, surname, DoB) VALUES (485, 'a', 'b', '2006-01-01');
INSERT INTO Person (personID, forename, surname, DoB) VALUES (486, 'a', 'b', '1949-01-01');
INSERT INTO Person (personID, forename, surname, DoB) VALUES (487, 'a', 'b', '2002-01-01');
INSERT INTO Person (personID, forename, surname, DoB) VALUES (488, 'a', 'b', '2008-01-01');
INSERT INTO Person (personID, forename, surname, DoB) VALUES (489, 'a', 'b', '1972-01-01');
INSERT INTO Person (personID, forename, surname, DoB) VALUES (490, 'a', 'b', '1956-01-01');
INSERT INTO Person (personID, forename, surname, DoB) VALUES (491, 'a', 'b', '1932-01-01');
INSERT INTO Person (personID, forename, surname, DoB) VALUES (492, 'a', 'b', '1992-01-01');
INSERT INTO Person (personID, forename, surname, DoB) VALUES (493, 'a', 'b', '2000-01-01');
INSERT INTO Person (personID, forename, surname, DoB) VALUES (494, 'a', 'b', '1958-01-01');
INSERT INTO Person (personID, forename, surname, DoB) VALUES (495, 'a', 'b', '1934-01-01');
INSERT INTO Person (personID, forename, surname, DoB) VALUES (496, 'a', 'b', '1945-01-01');
INSERT INTO Person (personID, forename, surname, DoB) VALUES (497, 'a', 'b', '1933-01-01');
INSERT INTO Person (personID, forename, surname, DoB) VALUES (498, 'a', 'b', '2006-01-01');
INSERT INTO Person (personID, forename, surname, DoB) VALUES (499, 'a', 'b', '1943-01-01');
INSERT INTO Person (personID, forename, surname, DoB) VALUES (500, 'a', 'b', '2008-01-01');

INSERT VaccineReceived(personID, vaccineID, `date`) VALUES (1, 1, '2022-04-20');
INSERT VaccineReceived(personID, vaccineID, `date`) VALUES (2, 1, '2022-04-20');
INSERT VaccineReceived(personID, vaccineID, `date`) VALUES (3, 1, '2022-04-20');
INSERT VaccineReceived(personID, vaccineID, `date`) VALUES (4, 1, '2022-04-20');
INSERT VaccineReceived(personID, vaccineID, `date`) VALUES (5, 1, '2022-04-20');
INSERT VaccineReceived(personID, vaccineID, `date`) VALUES (6, 1, '2022-04-20');
INSERT VaccineReceived(personID, vaccineID, `date`) VALUES (7, 1, '2022-04-20');
INSERT VaccineReceived(personID, vaccineID, `date`) VALUES (8, 1, '2022-04-20');
INSERT VaccineReceived(personID, vaccineID, `date`) VALUES (9, 1, '2022-04-20');
INSERT VaccineReceived(personID, vaccineID, `date`) VALUES (10, 1, '2022-04-20');
INSERT VaccineReceived(personID, vaccineID, `date`) VALUES (11, 1, '2022-04-20');
INSERT VaccineReceived(personID, vaccineID, `date`) VALUES (12, 1, '2022-04-20');
INSERT VaccineReceived(personID, vaccineID, `date`) VALUES (13, 1, '2022-04-20');
INSERT VaccineReceived(personID, vaccineID, `date`) VALUES (14, 1, '2022-04-20');
INSERT VaccineReceived(personID, vaccineID, `date`) VALUES (15, 1, '2022-04-20');
INSERT VaccineReceived(personID, vaccineID, `date`) VALUES (16, 1, '2022-04-20');
INSERT VaccineReceived(personID, vaccineID, `date`) VALUES (17, 1, '2022-04-20');
INSERT VaccineReceived(personID, vaccineID, `date`) VALUES (18, 1, '2022-04-20');
INSERT VaccineReceived(personID, vaccineID, `date`) VALUES (19, 1, '2022-04-20');
INSERT VaccineReceived(personID, vaccineID, `date`) VALUES (20, 1, '2022-04-20');
INSERT VaccineReceived(personID, vaccineID, `date`) VALUES (21, 1, '2022-04-20');
INSERT VaccineReceived(personID, vaccineID, `date`) VALUES (22, 1, '2022-04-20');
INSERT VaccineReceived(personID, vaccineID, `date`) VALUES (23, 1, '2022-04-20');
INSERT VaccineReceived(personID, vaccineID, `date`) VALUES (24, 1, '2022-04-20');
INSERT VaccineReceived(personID, vaccineID, `date`) VALUES (25, 1, '2022-04-20');
INSERT VaccineReceived(personID, vaccineID, `date`) VALUES (26, 1, '2022-04-21');
INSERT VaccineReceived(personID, vaccineID, `date`) VALUES (27, 1, '2022-04-21');
INSERT VaccineReceived(personID, vaccineID, `date`) VALUES (28, 1, '2022-04-21');
INSERT VaccineReceived(personID, vaccineID, `date`) VALUES (29, 1, '2022-04-21');
INSERT VaccineReceived(personID, vaccineID, `date`) VALUES (30, 1, '2022-04-21');
INSERT VaccineReceived(personID, vaccineID, `date`) VALUES (31, 1, '2022-04-21');
INSERT VaccineReceived(personID, vaccineID, `date`) VALUES (32, 1, '2022-04-21');
INSERT VaccineReceived(personID, vaccineID, `date`) VALUES (33, 1, '2022-04-21');
INSERT VaccineReceived(personID, vaccineID, `date`) VALUES (34, 1, '2022-04-21');
INSERT VaccineReceived(personID, vaccineID, `date`) VALUES (35, 1, '2022-04-21');
INSERT VaccineReceived(personID, vaccineID, `date`) VALUES (36, 1, '2022-04-21');
INSERT VaccineReceived(personID, vaccineID, `date`) VALUES (37, 1, '2022-04-21');
INSERT VaccineReceived(personID, vaccineID, `date`) VALUES (38, 1, '2022-04-21');
INSERT VaccineReceived(personID, vaccineID, `date`) VALUES (39, 1, '2022-04-21');
INSERT VaccineReceived(personID, vaccineID, `date`) VALUES (40, 1, '2022-04-21');
INSERT VaccineReceived(personID, vaccineID, `date`) VALUES (41, 1, '2022-04-21');
INSERT VaccineReceived(personID, vaccineID, `date`) VALUES (42, 1, '2022-04-21');
INSERT VaccineReceived(personID, vaccineID, `date`) VALUES (43, 1, '2022-04-21');
INSERT VaccineReceived(personID, vaccineID, `date`) VALUES (44, 1, '2022-04-21');
INSERT VaccineReceived(personID, vaccineID, `date`) VALUES (45, 1, '2022-04-21');
INSERT VaccineReceived(personID, vaccineID, `date`) VALUES (46, 1, '2022-04-21');
INSERT VaccineReceived(personID, vaccineID, `date`) VALUES (47, 1, '2022-04-21');
INSERT VaccineReceived(personID, vaccineID, `date`) VALUES (48, 1, '2022-04-21');
INSERT VaccineReceived(personID, vaccineID, `date`) VALUES (49, 1, '2022-04-21');
INSERT VaccineReceived(personID, vaccineID, `date`) VALUES (50, 1, '2022-04-21');